<annotation>
	<folder>resize</folder>
	<filename>IMG_20191128_115622_2.jpg</filename>
	<path>C:\Users\ProvaTF\Desktop\resize\IMG_20191128_115622_2.jpg</path>
	<source>
		<database>Unknown</database>
	</source>
	<size>
		<width>800</width>
		<height>600</height>
		<depth>3</depth>
	</size>
	<segmented>0</segmented>
	<object>
		<name>nera</name>
		<pose>Unspecified</pose>
		<truncated>0</truncated>
		<difficult>0</difficult>
		<bndbox>
			<xmin>280</xmin>
			<ymin>245</ymin>
			<xmax>420</xmax>
			<ymax>377</ymax>
		</bndbox>
	</object>
</annotation>
