<annotation>
	<folder>resize</folder>
	<filename>IMG_20191107_154057.jpg</filename>
	<path>C:\Users\ProvaTF\Desktop\resize\IMG_20191107_154057.jpg</path>
	<source>
		<database>Unknown</database>
	</source>
	<size>
		<width>800</width>
		<height>600</height>
		<depth>3</depth>
	</size>
	<segmented>0</segmented>
	<object>
		<name>bianca</name>
		<pose>Unspecified</pose>
		<truncated>0</truncated>
		<difficult>0</difficult>
		<bndbox>
			<xmin>259</xmin>
			<ymin>230</ymin>
			<xmax>359</xmax>
			<ymax>327</ymax>
		</bndbox>
	</object>
	<object>
		<name>bianca</name>
		<pose>Unspecified</pose>
		<truncated>0</truncated>
		<difficult>0</difficult>
		<bndbox>
			<xmin>530</xmin>
			<ymin>198</ymin>
			<xmax>628</xmax>
			<ymax>296</ymax>
		</bndbox>
	</object>
</annotation>
