<annotation>
	<folder>resize</folder>
	<filename>IMG_20191128_120116.jpg</filename>
	<path>C:\Users\ProvaTF\Desktop\resize\IMG_20191128_120116.jpg</path>
	<source>
		<database>Unknown</database>
	</source>
	<size>
		<width>800</width>
		<height>600</height>
		<depth>3</depth>
	</size>
	<segmented>0</segmented>
	<object>
		<name>bianca</name>
		<pose>Unspecified</pose>
		<truncated>0</truncated>
		<difficult>0</difficult>
		<bndbox>
			<xmin>541</xmin>
			<ymin>317</ymin>
			<xmax>708</xmax>
			<ymax>465</ymax>
		</bndbox>
	</object>
	<object>
		<name>nera</name>
		<pose>Unspecified</pose>
		<truncated>0</truncated>
		<difficult>0</difficult>
		<bndbox>
			<xmin>349</xmin>
			<ymin>243</ymin>
			<xmax>477</xmax>
			<ymax>372</ymax>
		</bndbox>
	</object>
</annotation>
