<annotation>
	<folder>resize</folder>
	<filename>IMG_20191128_120126_1.jpg</filename>
	<path>C:\Users\ProvaTF\Desktop\resize\IMG_20191128_120126_1.jpg</path>
	<source>
		<database>Unknown</database>
	</source>
	<size>
		<width>800</width>
		<height>600</height>
		<depth>3</depth>
	</size>
	<segmented>0</segmented>
	<object>
		<name>bianca</name>
		<pose>Unspecified</pose>
		<truncated>0</truncated>
		<difficult>0</difficult>
		<bndbox>
			<xmin>440</xmin>
			<ymin>71</ymin>
			<xmax>512</xmax>
			<ymax>150</ymax>
		</bndbox>
	</object>
	<object>
		<name>nera</name>
		<pose>Unspecified</pose>
		<truncated>0</truncated>
		<difficult>0</difficult>
		<bndbox>
			<xmin>329</xmin>
			<ymin>75</ymin>
			<xmax>396</xmax>
			<ymax>147</ymax>
		</bndbox>
	</object>
</annotation>
