<annotation>
	<folder>resize</folder>
	<filename>IMG_20191128_120116_1.jpg</filename>
	<path>C:\Users\ProvaTF\Desktop\resize\IMG_20191128_120116_1.jpg</path>
	<source>
		<database>Unknown</database>
	</source>
	<size>
		<width>800</width>
		<height>600</height>
		<depth>3</depth>
	</size>
	<segmented>0</segmented>
	<object>
		<name>nera</name>
		<pose>Unspecified</pose>
		<truncated>0</truncated>
		<difficult>0</difficult>
		<bndbox>
			<xmin>343</xmin>
			<ymin>228</ymin>
			<xmax>478</xmax>
			<ymax>361</ymax>
		</bndbox>
	</object>
	<object>
		<name>bianca</name>
		<pose>Unspecified</pose>
		<truncated>0</truncated>
		<difficult>0</difficult>
		<bndbox>
			<xmin>546</xmin>
			<ymin>292</ymin>
			<xmax>723</xmax>
			<ymax>440</ymax>
		</bndbox>
	</object>
</annotation>
