<annotation>
	<folder>resize</folder>
	<filename>IMG_20191107_153910_BURST014.jpg</filename>
	<path>C:\Users\ProvaTF\Desktop\resize\IMG_20191107_153910_BURST014.jpg</path>
	<source>
		<database>Unknown</database>
	</source>
	<size>
		<width>800</width>
		<height>600</height>
		<depth>3</depth>
	</size>
	<segmented>0</segmented>
	<object>
		<name>bianca</name>
		<pose>Unspecified</pose>
		<truncated>1</truncated>
		<difficult>0</difficult>
		<bndbox>
			<xmin>519</xmin>
			<ymin>1</ymin>
			<xmax>594</xmax>
			<ymax>81</ymax>
		</bndbox>
	</object>
	<object>
		<name>bianca</name>
		<pose>Unspecified</pose>
		<truncated>0</truncated>
		<difficult>0</difficult>
		<bndbox>
			<xmin>226</xmin>
			<ymin>302</ymin>
			<xmax>414</xmax>
			<ymax>479</ymax>
		</bndbox>
	</object>
</annotation>
