<annotation>
	<folder>resize</folder>
	<filename>IMG_20191107_153945_2.jpg</filename>
	<path>C:\Users\ProvaTF\Desktop\resize\IMG_20191107_153945_2.jpg</path>
	<source>
		<database>Unknown</database>
	</source>
	<size>
		<width>800</width>
		<height>600</height>
		<depth>3</depth>
	</size>
	<segmented>0</segmented>
	<object>
		<name>bianca</name>
		<pose>Unspecified</pose>
		<truncated>0</truncated>
		<difficult>0</difficult>
		<bndbox>
			<xmin>50</xmin>
			<ymin>142</ymin>
			<xmax>238</xmax>
			<ymax>320</ymax>
		</bndbox>
	</object>
	<object>
		<name>bianca</name>
		<pose>Unspecified</pose>
		<truncated>0</truncated>
		<difficult>0</difficult>
		<bndbox>
			<xmin>483</xmin>
			<ymin>124</ymin>
			<xmax>646</xmax>
			<ymax>280</ymax>
		</bndbox>
	</object>
</annotation>
