<annotation>
	<folder>resize</folder>
	<filename>IMG_20191107_153919_BURST019.jpg</filename>
	<path>C:\Users\ProvaTF\Desktop\resize\IMG_20191107_153919_BURST019.jpg</path>
	<source>
		<database>Unknown</database>
	</source>
	<size>
		<width>800</width>
		<height>600</height>
		<depth>3</depth>
	</size>
	<segmented>0</segmented>
	<object>
		<name>bianca</name>
		<pose>Unspecified</pose>
		<truncated>0</truncated>
		<difficult>0</difficult>
		<bndbox>
			<xmin>370</xmin>
			<ymin>295</ymin>
			<xmax>474</xmax>
			<ymax>405</ymax>
		</bndbox>
	</object>
	<object>
		<name>bianca</name>
		<pose>Unspecified</pose>
		<truncated>0</truncated>
		<difficult>0</difficult>
		<bndbox>
			<xmin>545</xmin>
			<ymin>194</ymin>
			<xmax>641</xmax>
			<ymax>282</ymax>
		</bndbox>
	</object>
</annotation>
