<annotation>
	<folder>resize</folder>
	<filename>IMG_20191107_153910_BURST019.jpg</filename>
	<path>C:\Users\ProvaTF\Desktop\resize\IMG_20191107_153910_BURST019.jpg</path>
	<source>
		<database>Unknown</database>
	</source>
	<size>
		<width>800</width>
		<height>600</height>
		<depth>3</depth>
	</size>
	<segmented>0</segmented>
	<object>
		<name>bianca</name>
		<pose>Unspecified</pose>
		<truncated>0</truncated>
		<difficult>0</difficult>
		<bndbox>
			<xmin>201</xmin>
			<ymin>332</ymin>
			<xmax>391</xmax>
			<ymax>508</ymax>
		</bndbox>
	</object>
	<object>
		<name>bianca</name>
		<pose>Unspecified</pose>
		<truncated>0</truncated>
		<difficult>0</difficult>
		<bndbox>
			<xmin>493</xmin>
			<ymin>24</ymin>
			<xmax>567</xmax>
			<ymax>104</ymax>
		</bndbox>
	</object>
</annotation>
