<annotation>
	<folder>resize</folder>
	<filename>IMG_20191107_154000_1.jpg</filename>
	<path>C:\Users\ProvaTF\Desktop\resize\IMG_20191107_154000_1.jpg</path>
	<source>
		<database>Unknown</database>
	</source>
	<size>
		<width>800</width>
		<height>600</height>
		<depth>3</depth>
	</size>
	<segmented>0</segmented>
	<object>
		<name>bianca</name>
		<pose>Unspecified</pose>
		<truncated>0</truncated>
		<difficult>0</difficult>
		<bndbox>
			<xmin>285</xmin>
			<ymin>238</ymin>
			<xmax>360</xmax>
			<ymax>314</ymax>
		</bndbox>
	</object>
	<object>
		<name>bianca</name>
		<pose>Unspecified</pose>
		<truncated>0</truncated>
		<difficult>0</difficult>
		<bndbox>
			<xmin>458</xmin>
			<ymin>276</ymin>
			<xmax>541</xmax>
			<ymax>356</ymax>
		</bndbox>
	</object>
</annotation>
