<annotation>
	<folder>resize</folder>
	<filename>IMG_20191107_154000_2.jpg</filename>
	<path>C:\Users\ProvaTF\Desktop\resize\IMG_20191107_154000_2.jpg</path>
	<source>
		<database>Unknown</database>
	</source>
	<size>
		<width>800</width>
		<height>600</height>
		<depth>3</depth>
	</size>
	<segmented>0</segmented>
	<object>
		<name>bianca</name>
		<pose>Unspecified</pose>
		<truncated>0</truncated>
		<difficult>0</difficult>
		<bndbox>
			<xmin>282</xmin>
			<ymin>241</ymin>
			<xmax>358</xmax>
			<ymax>314</ymax>
		</bndbox>
	</object>
	<object>
		<name>bianca</name>
		<pose>Unspecified</pose>
		<truncated>0</truncated>
		<difficult>0</difficult>
		<bndbox>
			<xmin>454</xmin>
			<ymin>271</ymin>
			<xmax>537</xmax>
			<ymax>353</ymax>
		</bndbox>
	</object>
</annotation>
