<annotation>
	<folder>resize</folder>
	<filename>IMG_20191107_153906_3_BURST003.jpg</filename>
	<path>C:\Users\ProvaTF\Desktop\resize\IMG_20191107_153906_3_BURST003.jpg</path>
	<source>
		<database>Unknown</database>
	</source>
	<size>
		<width>800</width>
		<height>600</height>
		<depth>3</depth>
	</size>
	<segmented>0</segmented>
	<object>
		<name>bianca</name>
		<pose>Unspecified</pose>
		<truncated>0</truncated>
		<difficult>0</difficult>
		<bndbox>
			<xmin>395</xmin>
			<ymin>195</ymin>
			<xmax>566</xmax>
			<ymax>358</ymax>
		</bndbox>
	</object>
</annotation>
