<annotation>
	<folder>resize</folder>
	<filename>IMG_20191128_120116_3.jpg</filename>
	<path>C:\Users\ProvaTF\Desktop\resize\IMG_20191128_120116_3.jpg</path>
	<source>
		<database>Unknown</database>
	</source>
	<size>
		<width>800</width>
		<height>600</height>
		<depth>3</depth>
	</size>
	<segmented>0</segmented>
	<object>
		<name>nera</name>
		<pose>Unspecified</pose>
		<truncated>0</truncated>
		<difficult>0</difficult>
		<bndbox>
			<xmin>328</xmin>
			<ymin>308</ymin>
			<xmax>480</xmax>
			<ymax>461</ymax>
		</bndbox>
	</object>
	<object>
		<name>bianca</name>
		<pose>Unspecified</pose>
		<truncated>0</truncated>
		<difficult>0</difficult>
		<bndbox>
			<xmin>567</xmin>
			<ymin>301</ymin>
			<xmax>749</xmax>
			<ymax>471</ymax>
		</bndbox>
	</object>
</annotation>
