<annotation>
	<folder>resize</folder>
	<filename>IMG_20191107_153919_BURST016.jpg</filename>
	<path>C:\Users\ProvaTF\Desktop\resize\IMG_20191107_153919_BURST016.jpg</path>
	<source>
		<database>Unknown</database>
	</source>
	<size>
		<width>800</width>
		<height>600</height>
		<depth>3</depth>
	</size>
	<segmented>0</segmented>
	<object>
		<name>bianca</name>
		<pose>Unspecified</pose>
		<truncated>0</truncated>
		<difficult>0</difficult>
		<bndbox>
			<xmin>383</xmin>
			<ymin>295</ymin>
			<xmax>482</xmax>
			<ymax>402</ymax>
		</bndbox>
	</object>
	<object>
		<name>bianca</name>
		<pose>Unspecified</pose>
		<truncated>0</truncated>
		<difficult>0</difficult>
		<bndbox>
			<xmin>569</xmin>
			<ymin>207</ymin>
			<xmax>668</xmax>
			<ymax>297</ymax>
		</bndbox>
	</object>
</annotation>
