<annotation>
	<folder>resize</folder>
	<filename>IMG_20191107_153935.jpg</filename>
	<path>C:\Users\ProvaTF\Desktop\resize\IMG_20191107_153935.jpg</path>
	<source>
		<database>Unknown</database>
	</source>
	<size>
		<width>800</width>
		<height>600</height>
		<depth>3</depth>
	</size>
	<segmented>0</segmented>
	<object>
		<name>bianca</name>
		<pose>Unspecified</pose>
		<truncated>0</truncated>
		<difficult>0</difficult>
		<bndbox>
			<xmin>274</xmin>
			<ymin>288</ymin>
			<xmax>397</xmax>
			<ymax>403</ymax>
		</bndbox>
	</object>
	<object>
		<name>bianca</name>
		<pose>Unspecified</pose>
		<truncated>0</truncated>
		<difficult>0</difficult>
		<bndbox>
			<xmin>581</xmin>
			<ymin>332</ymin>
			<xmax>731</xmax>
			<ymax>469</ymax>
		</bndbox>
	</object>
</annotation>
