<annotation>
	<folder>resize</folder>
	<filename>IMG_20191128_120126.jpg</filename>
	<path>C:\Users\ProvaTF\Desktop\resize\IMG_20191128_120126.jpg</path>
	<source>
		<database>Unknown</database>
	</source>
	<size>
		<width>800</width>
		<height>600</height>
		<depth>3</depth>
	</size>
	<segmented>0</segmented>
	<object>
		<name>bianca</name>
		<pose>Unspecified</pose>
		<truncated>0</truncated>
		<difficult>0</difficult>
		<bndbox>
			<xmin>443</xmin>
			<ymin>76</ymin>
			<xmax>513</xmax>
			<ymax>153</ymax>
		</bndbox>
	</object>
	<object>
		<name>nera</name>
		<pose>Unspecified</pose>
		<truncated>0</truncated>
		<difficult>0</difficult>
		<bndbox>
			<xmin>330</xmin>
			<ymin>79</ymin>
			<xmax>407</xmax>
			<ymax>156</ymax>
		</bndbox>
	</object>
</annotation>
