<annotation>
	<folder>resize</folder>
	<filename>IMG_20191128_120128_1.jpg</filename>
	<path>C:\Users\ProvaTF\Desktop\resize\IMG_20191128_120128_1.jpg</path>
	<source>
		<database>Unknown</database>
	</source>
	<size>
		<width>800</width>
		<height>600</height>
		<depth>3</depth>
	</size>
	<segmented>0</segmented>
	<object>
		<name>nera</name>
		<pose>Unspecified</pose>
		<truncated>0</truncated>
		<difficult>0</difficult>
		<bndbox>
			<xmin>341</xmin>
			<ymin>51</ymin>
			<xmax>403</xmax>
			<ymax>114</ymax>
		</bndbox>
	</object>
	<object>
		<name>bianca</name>
		<pose>Unspecified</pose>
		<truncated>0</truncated>
		<difficult>0</difficult>
		<bndbox>
			<xmin>436</xmin>
			<ymin>49</ymin>
			<xmax>498</xmax>
			<ymax>113</ymax>
		</bndbox>
	</object>
</annotation>
