<annotation>
	<folder>resize</folder>
	<filename>IMG_20191107_153946.jpg</filename>
	<path>C:\Users\ProvaTF\Desktop\resize\IMG_20191107_153946.jpg</path>
	<source>
		<database>Unknown</database>
	</source>
	<size>
		<width>800</width>
		<height>600</height>
		<depth>3</depth>
	</size>
	<segmented>0</segmented>
	<object>
		<name>bianca</name>
		<pose>Unspecified</pose>
		<truncated>0</truncated>
		<difficult>0</difficult>
		<bndbox>
			<xmin>80</xmin>
			<ymin>137</ymin>
			<xmax>254</xmax>
			<ymax>299</ymax>
		</bndbox>
	</object>
	<object>
		<name>bianca</name>
		<pose>Unspecified</pose>
		<truncated>0</truncated>
		<difficult>0</difficult>
		<bndbox>
			<xmin>475</xmin>
			<ymin>113</ymin>
			<xmax>631</xmax>
			<ymax>259</ymax>
		</bndbox>
	</object>
</annotation>
