<annotation>
	<folder>resize</folder>
	<filename>IMG_20191107_153919_BURST017.jpg</filename>
	<path>C:\Users\ProvaTF\Desktop\resize\IMG_20191107_153919_BURST017.jpg</path>
	<source>
		<database>Unknown</database>
	</source>
	<size>
		<width>800</width>
		<height>600</height>
		<depth>3</depth>
	</size>
	<segmented>0</segmented>
	<object>
		<name>bianca</name>
		<pose>Unspecified</pose>
		<truncated>0</truncated>
		<difficult>0</difficult>
		<bndbox>
			<xmin>377</xmin>
			<ymin>292</ymin>
			<xmax>482</xmax>
			<ymax>406</ymax>
		</bndbox>
	</object>
	<object>
		<name>bianca</name>
		<pose>Unspecified</pose>
		<truncated>0</truncated>
		<difficult>0</difficult>
		<bndbox>
			<xmin>568</xmin>
			<ymin>205</ymin>
			<xmax>663</xmax>
			<ymax>295</ymax>
		</bndbox>
	</object>
</annotation>
