<annotation>
	<folder>resize</folder>
	<filename>IMG_20191107_153935_3.jpg</filename>
	<path>C:\Users\ProvaTF\Desktop\resize\IMG_20191107_153935_3.jpg</path>
	<source>
		<database>Unknown</database>
	</source>
	<size>
		<width>800</width>
		<height>600</height>
		<depth>3</depth>
	</size>
	<segmented>0</segmented>
	<object>
		<name>bianca</name>
		<pose>Unspecified</pose>
		<truncated>0</truncated>
		<difficult>0</difficult>
		<bndbox>
			<xmin>370</xmin>
			<ymin>313</ymin>
			<xmax>511</xmax>
			<ymax>447</ymax>
		</bndbox>
	</object>
	<object>
		<name>bianca</name>
		<pose>Unspecified</pose>
		<truncated>1</truncated>
		<difficult>0</difficult>
		<bndbox>
			<xmin>737</xmin>
			<ymin>389</ymin>
			<xmax>800</xmax>
			<ymax>548</ymax>
		</bndbox>
	</object>
</annotation>
