<annotation>
	<folder>resize</folder>
	<filename>IMG_20191107_154120.jpg</filename>
	<path>C:\Users\ProvaTF\Desktop\resize\IMG_20191107_154120.jpg</path>
	<source>
		<database>Unknown</database>
	</source>
	<size>
		<width>800</width>
		<height>600</height>
		<depth>3</depth>
	</size>
	<segmented>0</segmented>
	<object>
		<name>bianca</name>
		<pose>Unspecified</pose>
		<truncated>0</truncated>
		<difficult>0</difficult>
		<bndbox>
			<xmin>392</xmin>
			<ymin>159</ymin>
			<xmax>476</xmax>
			<ymax>242</ymax>
		</bndbox>
	</object>
	<object>
		<name>bianca</name>
		<pose>Unspecified</pose>
		<truncated>0</truncated>
		<difficult>0</difficult>
		<bndbox>
			<xmin>402</xmin>
			<ymin>248</ymin>
			<xmax>579</xmax>
			<ymax>406</ymax>
		</bndbox>
	</object>
</annotation>
