<annotation>
	<folder>resize</folder>
	<filename>IMG_20191107_153947_3.jpg</filename>
	<path>C:\Users\ProvaTF\Desktop\resize\IMG_20191107_153947_3.jpg</path>
	<source>
		<database>Unknown</database>
	</source>
	<size>
		<width>800</width>
		<height>600</height>
		<depth>3</depth>
	</size>
	<segmented>0</segmented>
	<object>
		<name>bianca</name>
		<pose>Unspecified</pose>
		<truncated>0</truncated>
		<difficult>0</difficult>
		<bndbox>
			<xmin>345</xmin>
			<ymin>191</ymin>
			<xmax>438</xmax>
			<ymax>289</ymax>
		</bndbox>
	</object>
	<object>
		<name>bianca</name>
		<pose>Unspecified</pose>
		<truncated>0</truncated>
		<difficult>0</difficult>
		<bndbox>
			<xmin>108</xmin>
			<ymin>206</ymin>
			<xmax>208</xmax>
			<ymax>302</ymax>
		</bndbox>
	</object>
</annotation>
