<annotation>
	<folder>resize</folder>
	<filename>IMG_20191107_153919_BURST010.jpg</filename>
	<path>C:\Users\ProvaTF\Desktop\resize\IMG_20191107_153919_BURST010.jpg</path>
	<source>
		<database>Unknown</database>
	</source>
	<size>
		<width>800</width>
		<height>600</height>
		<depth>3</depth>
	</size>
	<segmented>0</segmented>
	<object>
		<name>bianca</name>
		<pose>Unspecified</pose>
		<truncated>0</truncated>
		<difficult>0</difficult>
		<bndbox>
			<xmin>496</xmin>
			<ymin>215</ymin>
			<xmax>586</xmax>
			<ymax>300</ymax>
		</bndbox>
	</object>
	<object>
		<name>bianca</name>
		<pose>Unspecified</pose>
		<truncated>0</truncated>
		<difficult>0</difficult>
		<bndbox>
			<xmin>303</xmin>
			<ymin>284</ymin>
			<xmax>393</xmax>
			<ymax>382</ymax>
		</bndbox>
	</object>
</annotation>
