<annotation>
	<folder>resize</folder>
	<filename>IMG_20191107_153901.jpg</filename>
	<path>C:\Users\ProvaTF\Desktop\resize\IMG_20191107_153901.jpg</path>
	<source>
		<database>Unknown</database>
	</source>
	<size>
		<width>800</width>
		<height>600</height>
		<depth>3</depth>
	</size>
	<segmented>0</segmented>
	<object>
		<name>bianca</name>
		<pose>Unspecified</pose>
		<truncated>0</truncated>
		<difficult>0</difficult>
		<bndbox>
			<xmin>645</xmin>
			<ymin>108</ymin>
			<xmax>699</xmax>
			<ymax>164</ymax>
		</bndbox>
	</object>
	<object>
		<name>bianca</name>
		<pose>Unspecified</pose>
		<truncated>0</truncated>
		<difficult>0</difficult>
		<bndbox>
			<xmin>461</xmin>
			<ymin>319</ymin>
			<xmax>537</xmax>
			<ymax>391</ymax>
		</bndbox>
	</object>
</annotation>
