<annotation>
	<folder>resize</folder>
	<filename>IMG_20191107_154055_1.jpg</filename>
	<path>C:\Users\ProvaTF\Desktop\resize\IMG_20191107_154055_1.jpg</path>
	<source>
		<database>Unknown</database>
	</source>
	<size>
		<width>800</width>
		<height>600</height>
		<depth>3</depth>
	</size>
	<segmented>0</segmented>
	<object>
		<name>bianca</name>
		<pose>Unspecified</pose>
		<truncated>0</truncated>
		<difficult>0</difficult>
		<bndbox>
			<xmin>320</xmin>
			<ymin>237</ymin>
			<xmax>411</xmax>
			<ymax>333</ymax>
		</bndbox>
	</object>
	<object>
		<name>bianca</name>
		<pose>Unspecified</pose>
		<truncated>0</truncated>
		<difficult>0</difficult>
		<bndbox>
			<xmin>563</xmin>
			<ymin>189</ymin>
			<xmax>661</xmax>
			<ymax>281</ymax>
		</bndbox>
	</object>
</annotation>
