<annotation>
	<folder>resize</folder>
	<filename>IMG_20191128_120119_2.jpg</filename>
	<path>C:\Users\ProvaTF\Desktop\resize\IMG_20191128_120119_2.jpg</path>
	<source>
		<database>Unknown</database>
	</source>
	<size>
		<width>800</width>
		<height>600</height>
		<depth>3</depth>
	</size>
	<segmented>0</segmented>
	<object>
		<name>nera</name>
		<pose>Unspecified</pose>
		<truncated>0</truncated>
		<difficult>0</difficult>
		<bndbox>
			<xmin>375</xmin>
			<ymin>119</ymin>
			<xmax>453</xmax>
			<ymax>201</ymax>
		</bndbox>
	</object>
	<object>
		<name>bianca</name>
		<pose>Unspecified</pose>
		<truncated>0</truncated>
		<difficult>0</difficult>
		<bndbox>
			<xmin>482</xmin>
			<ymin>150</ymin>
			<xmax>582</xmax>
			<ymax>243</ymax>
		</bndbox>
	</object>
</annotation>
